,date,item,quantity,price,day_of_week,sales
0,2021-01-02,TRADITIONAL BAGUETTE,128.0,1.2000000000000015,5,153.6000000000002
1,2021-01-03,TRADITIONAL BAGUETTE,171.0,1.200000000000002,6,205.20000000000033
2,2021-01-04,TRADITIONAL BAGUETTE,128.0,1.2000000000000015,0,153.6000000000002
3,2021-01-05,TRADITIONAL BAGUETTE,99.0,1.2000000000000015,1,118.80000000000015
4,2021-01-07,TRADITIONAL BAGUETTE,109.0,1.2000000000000015,3,130.80000000000015
5,2021-01-08,TRADITIONAL BAGUETTE,78.0,1.2000000000000013,4,93.6000000000001
6,2021-01-09,TRADITIONAL BAGUETTE,135.0,1.2000000000000017,5,162.00000000000023
7,2021-01-10,TRADITIONAL BAGUETTE,140.0,1.2000000000000017,6,168.00000000000026
8,2021-01-11,TRADITIONAL BAGUETTE,88.0,1.2000000000000015,0,105.60000000000014
9,2021-01-12,TRADITIONAL BAGUETTE,71.0,1.2000000000000008,1,85.20000000000006
10,2021-01-14,TRADITIONAL BAGUETTE,77.0,1.200000000000001,3,92.40000000000008
11,2021-01-15,TRADITIONAL BAGUETTE,85.0,1.200000000000001,4,102.00000000000009
12,2021-01-16,TRADITIONAL BAGUETTE,130.0,1.2000000000000017,5,156.00000000000023
13,2021-01-17,TRADITIONAL BAGUETTE,154.0,1.200000000000002,6,184.8000000000003
14,2021-01-18,TRADITIONAL BAGUETTE,80.0,1.2000000000000013,0,96.0000000000001
15,2021-01-19,TRADITIONAL BAGUETTE,94.0,1.2000000000000013,1,112.80000000000013
16,2021-01-21,TRADITIONAL BAGUETTE,98.0,1.2000000000000013,3,117.60000000000012
17,2021-01-22,TRADITIONAL BAGUETTE,84.0,1.2000000000000013,4,100.80000000000011
18,2021-01-23,TRADITIONAL BAGUETTE,106.0,1.2000000000000015,5,127.20000000000016
19,2021-01-24,TRADITIONAL BAGUETTE,143.0,1.200000000000002,6,171.60000000000028
20,2021-01-25,TRADITIONAL BAGUETTE,86.0,1.200000000000001,0,103.20000000000009
21,2021-01-26,TRADITIONAL BAGUETTE,70.0,1.200000000000001,1,84.00000000000007
22,2021-01-28,TRADITIONAL BAGUETTE,71.0,1.200000000000001,3,85.20000000000007
23,2021-01-29,TRADITIONAL BAGUETTE,68.0,1.2000000000000008,4,81.60000000000005
24,2021-01-30,TRADITIONAL BAGUETTE,113.0,1.2000000000000015,5,135.60000000000016
25,2021-01-31,TRADITIONAL BAGUETTE,145.0,1.200000000000002,6,174.00000000000028
26,2021-02-01,TRADITIONAL BAGUETTE,72.0,1.200000000000001,0,86.40000000000008
27,2021-02-02,TRADITIONAL BAGUETTE,96.0,1.2000000000000013,1,115.20000000000013
28,2021-02-04,TRADITIONAL BAGUETTE,91.0,1.2000000000000015,3,109.20000000000013
29,2021-02-05,TRADITIONAL BAGUETTE,114.0,1.2000000000000015,4,136.80000000000018
30,2021-02-06,TRADITIONAL BAGUETTE,131.0,1.2000000000000015,5,157.2000000000002
31,2021-02-07,TRADITIONAL BAGUETTE,167.0,1.200000000000002,6,200.40000000000032
32,2021-02-08,TRADITIONAL BAGUETTE,106.0,1.2000000000000015,0,127.20000000000016
33,2021-02-09,TRADITIONAL BAGUETTE,86.0,1.2000000000000013,1,103.20000000000012
34,2021-02-11,TRADITIONAL BAGUETTE,70.0,1.2000000000000008,3,84.00000000000006
35,2021-02-12,TRADITIONAL BAGUETTE,88.0,1.200000000000001,4,105.6000000000001
36,2021-02-13,TRADITIONAL BAGUETTE,114.0,1.2000000000000017,5,136.8000000000002
37,2021-02-14,TRADITIONAL BAGUETTE,167.0,1.200000000000002,6,200.40000000000032
38,2021-02-15,TRADITIONAL BAGUETTE,135.0,1.2000000000000017,0,162.00000000000023
39,2021-02-16,TRADITIONAL BAGUETTE,108.0,1.2000000000000017,1,129.6000000000002
40,2021-02-18,TRADITIONAL BAGUETTE,88.0,1.2000000000000013,3,105.60000000000011
41,2021-02-19,TRADITIONAL BAGUETTE,124.0,1.2000000000000015,4,148.80000000000018
42,2021-02-20,TRADITIONAL BAGUETTE,165.0,1.200000000000002,5,198.0000000000003
43,2021-02-21,TRADITIONAL BAGUETTE,248.0,1.1999999999999982,6,297.59999999999957
44,2021-02-22,TRADITIONAL BAGUETTE,164.0,1.200000000000002,0,196.80000000000032
45,2021-02-23,TRADITIONAL BAGUETTE,180.0,1.2000000000000004,1,216.00000000000009
46,2021-02-25,TRADITIONAL BAGUETTE,210.0,1.200000000000001,3,252.00000000000023
47,2021-02-26,TRADITIONAL BAGUETTE,222.0,1.2000000000000008,4,266.4000000000002
48,2021-02-27,TRADITIONAL BAGUETTE,344.0,1.1999999999999966,5,412.7999999999988
49,2021-02-28,TRADITIONAL BAGUETTE,426.0,1.1999999999999946,6,511.1999999999977
50,2021-03-01,TRADITIONAL BAGUETTE,201.0,1.2000000000000008,0,241.20000000000016
51,2021-03-02,TRADITIONAL BAGUETTE,199.0,1.2000000000000015,1,238.8000000000003
52,2021-03-04,TRADITIONAL BAGUETTE,194.0,1.200000000000001,3,232.8000000000002
53,2021-03-05,TRADITIONAL BAGUETTE,192.0,1.200000000000002,4,230.40000000000038
54,2021-03-06,TRADITIONAL BAGUETTE,276.0,1.1999999999999986,5,331.19999999999965
55,2021-03-07,TRADITIONAL BAGUETTE,272.0,1.1999999999999977,6,326.3999999999994
56,2021-03-08,TRADITIONAL BAGUETTE,135.0,1.2000000000000017,0,162.00000000000023
57,2021-03-09,TRADITIONAL BAGUETTE,132.0,1.2000000000000017,1,158.40000000000023
58,2021-03-11,TRADITIONAL BAGUETTE,135.0,1.200000000000002,3,162.00000000000026
59,2021-03-12,TRADITIONAL BAGUETTE,130.0,1.2000000000000017,4,156.00000000000023
60,2021-03-13,TRADITIONAL BAGUETTE,196.0,1.2000000000000002,5,235.20000000000005
61,2021-03-14,TRADITIONAL BAGUETTE,287.0,1.1999999999999973,6,344.39999999999924
62,2021-03-15,TRADITIONAL BAGUETTE,136.0,1.200000000000002,0,163.20000000000027
63,2021-03-16,TRADITIONAL BAGUETTE,152.0,1.200000000000002,1,182.4000000000003
64,2021-03-18,TRADITIONAL BAGUETTE,92.0,1.2000000000000015,3,110.40000000000013
65,2021-03-19,TRADITIONAL BAGUETTE,100.0,1.2000000000000017,4,120.00000000000017
66,2021-03-20,TRADITIONAL BAGUETTE,228.0,1.2000000000000008,5,273.6000000000002
67,2021-03-21,TRADITIONAL BAGUETTE,237.0,1.1999999999999993,6,284.3999999999998
68,2021-03-22,TRADITIONAL BAGUETTE,145.0,1.200000000000002,0,174.00000000000028
69,2021-03-23,TRADITIONAL BAGUETTE,119.0,1.2000000000000017,1,142.8000000000002
70,2021-03-25,TRADITIONAL BAGUETTE,143.0,1.200000000000002,3,171.60000000000028
71,2021-03-26,TRADITIONAL BAGUETTE,123.0,1.2000000000000017,4,147.60000000000022
72,2021-03-27,TRADITIONAL BAGUETTE,141.0,1.2000000000000017,5,169.20000000000024
73,2021-03-28,TRADITIONAL BAGUETTE,230.0,1.2,6,276.0
74,2021-03-29,TRADITIONAL BAGUETTE,130.0,1.2000000000000017,0,156.00000000000023
75,2021-03-30,TRADITIONAL BAGUETTE,141.0,1.200000000000002,1,169.20000000000027
76,2021-04-01,TRADITIONAL BAGUETTE,113.0,1.2000000000000017,3,135.6000000000002
77,2021-04-02,TRADITIONAL BAGUETTE,149.0,1.2000000000000017,4,178.80000000000027
78,2021-04-03,TRADITIONAL BAGUETTE,294.0,1.199999999999998,5,352.7999999999994
79,2021-04-04,TRADITIONAL BAGUETTE,400.0,1.1999999999999962,6,479.99999999999847
80,2021-04-05,TRADITIONAL BAGUETTE,251.0,1.199999999999999,0,301.19999999999976
81,2021-04-06,TRADITIONAL BAGUETTE,163.0,1.200000000000002,1,195.6000000000003
82,2021-04-08,TRADITIONAL BAGUETTE,145.0,1.2000000000000017,3,174.00000000000026
83,2021-04-09,TRADITIONAL BAGUETTE,137.0,1.200000000000002,4,164.40000000000026
84,2021-04-10,TRADITIONAL BAGUETTE,178.0,1.200000000000002,5,213.60000000000034
85,2021-04-11,TRADITIONAL BAGUETTE,267.0,1.1999999999999975,6,320.39999999999935
86,2021-04-12,TRADITIONAL BAGUETTE,170.0,1.2000000000000017,0,204.00000000000028
87,2021-04-13,TRADITIONAL BAGUETTE,161.0,1.200000000000002,1,193.2000000000003
88,2021-04-14,TRADITIONAL BAGUETTE,118.0,1.2000000000000017,2,141.6000000000002
89,2021-04-15,TRADITIONAL BAGUETTE,138.0,1.200000000000002,3,165.60000000000028
90,2021-04-16,TRADITIONAL BAGUETTE,169.0,1.200000000000002,4,202.80000000000032
91,2021-04-17,TRADITIONAL BAGUETTE,217.0,1.1999999999999997,5,260.3999999999999
92,2021-04-18,TRADITIONAL BAGUETTE,329.0,1.1999999999999966,6,394.7999999999989
93,2021-04-19,TRADITIONAL BAGUETTE,136.0,1.200000000000002,0,163.20000000000027
94,2021-04-20,TRADITIONAL BAGUETTE,210.0,1.2000000000000002,1,252.00000000000003
95,2021-04-21,TRADITIONAL BAGUETTE,161.0,1.200000000000002,2,193.2000000000003
96,2021-04-22,TRADITIONAL BAGUETTE,199.0,1.2000000000000002,3,238.80000000000004
97,2021-04-23,TRADITIONAL BAGUETTE,176.0,1.200000000000002,4,211.20000000000033
98,2021-04-24,TRADITIONAL BAGUETTE,264.0,1.1999999999999993,5,316.79999999999984
99,2021-04-25,TRADITIONAL BAGUETTE,294.0,1.1999999999999968,6,352.79999999999905
100,2021-04-26,TRADITIONAL BAGUETTE,136.0,1.200000000000002,0,163.20000000000027
101,2021-04-27,TRADITIONAL BAGUETTE,106.0,1.2000000000000015,1,127.20000000000016
102,2021-04-28,TRADITIONAL BAGUETTE,140.0,1.2000000000000017,2,168.00000000000026
103,2021-04-29,TRADITIONAL BAGUETTE,133.0,1.2000000000000017,3,159.60000000000022
104,2021-04-30,TRADITIONAL BAGUETTE,135.0,1.200000000000002,4,162.00000000000026
105,2021-05-01,TRADITIONAL BAGUETTE,244.0,1.2000000000000004,5,292.8000000000001
106,2021-05-02,TRADITIONAL BAGUETTE,301.0,1.199999999999997,6,361.19999999999914
107,2021-05-03,TRADITIONAL BAGUETTE,156.0,1.200000000000002,0,187.2000000000003
108,2021-05-04,TRADITIONAL BAGUETTE,164.0,1.200000000000002,1,196.80000000000032
109,2021-05-05,TRADITIONAL BAGUETTE,169.0,1.2000000000000017,2,202.8000000000003
110,2021-05-06,TRADITIONAL BAGUETTE,137.0,1.200000000000002,3,164.40000000000026
111,2021-05-07,TRADITIONAL BAGUETTE,131.0,1.2000000000000017,4,157.20000000000022
112,2021-05-08,TRADITIONAL BAGUETTE,247.0,1.1999999999999993,5,296.3999999999998
113,2021-05-09,TRADITIONAL BAGUETTE,327.0,1.1999999999999964,6,392.39999999999884
114,2021-05-10,TRADITIONAL BAGUETTE,166.0,1.200000000000002,0,199.20000000000033
115,2021-05-11,TRADITIONAL BAGUETTE,145.0,1.200000000000002,1,174.00000000000028
116,2021-05-12,TRADITIONAL BAGUETTE,241.0,1.1999999999999984,2,289.1999999999996
117,2021-05-13,TRADITIONAL BAGUETTE,371.0,1.199999999999996,3,445.1999999999985
118,2021-05-14,TRADITIONAL BAGUETTE,416.0,1.1999999999999957,4,499.1999999999982
119,2021-05-15,TRADITIONAL BAGUETTE,482.0,1.199999999999995,5,578.3999999999976
120,2021-05-16,TRADITIONAL BAGUETTE,423.0,1.1999999999999955,6,507.5999999999981
121,2021-05-21,TRADITIONAL BAGUETTE,101.0,1.2000000000000015,4,121.20000000000016
122,2021-05-22,TRADITIONAL BAGUETTE,277.0,1.1999999999999984,5,332.3999999999996
123,2021-05-23,TRADITIONAL BAGUETTE,406.0,1.1999999999999962,6,487.19999999999845
124,2021-05-24,TRADITIONAL BAGUETTE,349.0,1.1999999999999966,0,418.7999999999988
125,2021-05-25,TRADITIONAL BAGUETTE,139.0,1.200000000000002,1,166.80000000000027
126,2021-05-26,TRADITIONAL BAGUETTE,128.0,1.2000000000000017,2,153.60000000000022
127,2021-05-27,TRADITIONAL BAGUETTE,120.0,1.2000000000000015,3,144.00000000000017
128,2021-05-28,TRADITIONAL BAGUETTE,148.0,1.200000000000002,4,177.60000000000028
129,2021-05-29,TRADITIONAL BAGUETTE,233.0,1.2000000000000004,5,279.6000000000001
130,2021-05-30,TRADITIONAL BAGUETTE,325.0,1.1999999999999968,6,389.999999999999
131,2021-05-31,TRADITIONAL BAGUETTE,126.0,1.2000000000000017,0,151.20000000000022
132,2021-06-01,TRADITIONAL BAGUETTE,151.0,1.200000000000002,1,181.2000000000003
133,2021-06-02,TRADITIONAL BAGUETTE,86.0,1.2000000000000015,2,103.20000000000013
134,2021-06-03,TRADITIONAL BAGUETTE,117.0,1.2000000000000017,3,140.4000000000002
135,2021-06-04,TRADITIONAL BAGUETTE,144.0,1.200000000000002,4,172.8000000000003
136,2021-06-05,TRADITIONAL BAGUETTE,177.0,1.200000000000002,5,212.40000000000035
137,2021-06-06,TRADITIONAL BAGUETTE,329.0,1.199999999999997,6,394.79999999999905
138,2021-06-07,TRADITIONAL BAGUETTE,116.0,1.2000000000000017,0,139.2000000000002
139,2021-06-08,TRADITIONAL BAGUETTE,115.0,1.2000000000000017,1,138.0000000000002
140,2021-06-09,TRADITIONAL BAGUETTE,104.0,1.2000000000000017,2,124.80000000000018
141,2021-06-10,TRADITIONAL BAGUETTE,111.0,1.2000000000000017,3,133.2000000000002
142,2021-06-11,TRADITIONAL BAGUETTE,108.0,1.2000000000000017,4,129.6000000000002
143,2021-06-12,TRADITIONAL BAGUETTE,223.0,1.200000000000001,5,267.60000000000025
144,2021-06-13,TRADITIONAL BAGUETTE,379.0,1.1999999999999955,6,454.7999999999983
145,2021-06-14,TRADITIONAL BAGUETTE,135.0,1.200000000000002,0,162.00000000000026
146,2021-06-15,TRADITIONAL BAGUETTE,112.0,1.2000000000000017,1,134.4000000000002
147,2021-06-16,TRADITIONAL BAGUETTE,136.0,1.200000000000002,2,163.20000000000027
148,2021-06-17,TRADITIONAL BAGUETTE,110.0,1.2000000000000017,3,132.0000000000002
149,2021-06-18,TRADITIONAL BAGUETTE,121.0,1.2000000000000017,4,145.20000000000022
150,2021-06-19,TRADITIONAL BAGUETTE,213.0,1.200000000000001,5,255.60000000000022
151,2021-06-20,TRADITIONAL BAGUETTE,324.0,1.1999999999999968,6,388.799999999999
152,2021-06-21,TRADITIONAL BAGUETTE,173.0,1.200000000000002,0,207.60000000000034
153,2021-06-22,TRADITIONAL BAGUETTE,127.0,1.2000000000000017,1,152.40000000000023
154,2021-06-23,TRADITIONAL BAGUETTE,124.0,1.2000000000000017,2,148.8000000000002
155,2021-06-24,TRADITIONAL BAGUETTE,143.0,1.200000000000002,3,171.60000000000028
156,2021-06-25,TRADITIONAL BAGUETTE,138.0,1.2000000000000017,4,165.60000000000025
157,2021-06-26,TRADITIONAL BAGUETTE,217.0,1.2000000000000002,5,260.40000000000003
158,2021-06-27,TRADITIONAL BAGUETTE,358.0,1.199999999999995,6,429.59999999999826
159,2021-06-28,TRADITIONAL BAGUETTE,155.0,1.200000000000002,0,186.0000000000003
160,2021-06-29,TRADITIONAL BAGUETTE,130.0,1.2000000000000017,1,156.00000000000023
161,2021-06-30,TRADITIONAL BAGUETTE,157.0,1.200000000000002,2,188.40000000000032
162,2021-07-01,TRADITIONAL BAGUETTE,140.0,1.200000000000002,3,168.00000000000028
163,2021-07-02,TRADITIONAL BAGUETTE,137.0,1.200000000000002,4,164.40000000000026
164,2021-07-03,TRADITIONAL BAGUETTE,269.0,1.1999999999999986,5,322.7999999999996
165,2021-07-04,TRADITIONAL BAGUETTE,325.0,1.1999999999999968,6,389.999999999999
166,2021-07-05,TRADITIONAL BAGUETTE,198.0,1.2000000000000008,0,237.60000000000016
167,2021-07-06,TRADITIONAL BAGUETTE,169.0,1.200000000000002,1,202.80000000000032
168,2021-07-07,TRADITIONAL BAGUETTE,200.0,1.200000000000001,2,240.00000000000023
169,2021-07-08,TRADITIONAL BAGUETTE,210.0,1.2000000000000002,3,252.00000000000003
170,2021-07-09,TRADITIONAL BAGUETTE,210.0,1.2000000000000013,4,252.00000000000028
171,2021-07-10,TRADITIONAL BAGUETTE,351.0,1.1999999999999966,5,421.1999999999988
172,2021-07-11,TRADITIONAL BAGUETTE,438.0,1.1999999999999948,6,525.5999999999977
173,2021-07-12,TRADITIONAL BAGUETTE,345.0,1.1999999999999962,0,413.9999999999987
174,2021-07-13,TRADITIONAL BAGUETTE,293.0,1.1999999999999977,1,351.59999999999934
175,2021-07-14,TRADITIONAL BAGUETTE,403.0,1.1999999999999957,2,483.59999999999826
176,2021-07-15,TRADITIONAL BAGUETTE,335.0,1.1999999999999962,3,401.9999999999987
177,2021-07-16,TRADITIONAL BAGUETTE,274.0,1.1999999999999973,4,328.7999999999993
178,2021-07-17,TRADITIONAL BAGUETTE,464.0,1.1999999999999948,5,556.7999999999976
179,2021-07-18,TRADITIONAL BAGUETTE,246.0,1.2000000000000004,6,295.2000000000001
180,2021-07-19,TRADITIONAL BAGUETTE,336.0,1.1999999999999968,0,403.19999999999897
181,2021-07-20,TRADITIONAL BAGUETTE,314.0,1.199999999999997,1,376.7999999999991
182,2021-07-21,TRADITIONAL BAGUETTE,294.0,1.1999999999999973,2,352.7999999999992
183,2021-07-22,TRADITIONAL BAGUETTE,226.0,1.2000000000000002,3,271.20000000000005
184,2021-07-23,TRADITIONAL BAGUETTE,258.0,1.1999999999999982,4,309.5999999999995
185,2021-07-24,TRADITIONAL BAGUETTE,384.0,1.1999999999999957,5,460.79999999999836
186,2021-07-25,TRADITIONAL BAGUETTE,439.0,1.1999999999999953,6,526.7999999999979
187,2021-07-26,TRADITIONAL BAGUETTE,357.0,1.199999999999996,0,428.39999999999856
188,2021-07-27,TRADITIONAL BAGUETTE,289.0,1.1999999999999975,1,346.7999999999993
189,2021-07-28,TRADITIONAL BAGUETTE,311.0,1.1999999999999973,2,373.19999999999914
190,2021-07-29,TRADITIONAL BAGUETTE,315.0,1.199999999999997,3,377.9999999999991
191,2021-07-30,TRADITIONAL BAGUETTE,312.0,1.1999999999999975,4,374.39999999999924
192,2021-07-31,TRADITIONAL BAGUETTE,394.0,1.1999999999999957,5,472.7999999999983
193,2021-08-01,TRADITIONAL BAGUETTE,489.0,1.1999999999999946,6,586.7999999999973
194,2021-08-02,TRADITIONAL BAGUETTE,357.0,1.1999999999999962,0,428.3999999999986
195,2021-08-03,TRADITIONAL BAGUETTE,338.0,1.1999999999999968,1,405.59999999999894
196,2021-08-04,TRADITIONAL BAGUETTE,336.0,1.1999999999999966,2,403.19999999999885
197,2021-08-05,TRADITIONAL BAGUETTE,377.0,1.199999999999996,3,452.3999999999985
198,2021-08-06,TRADITIONAL BAGUETTE,317.0,1.199999999999997,4,380.39999999999907
199,2021-08-07,TRADITIONAL BAGUETTE,450.0,1.1999999999999948,5,539.9999999999977
200,2021-08-08,TRADITIONAL BAGUETTE,526.0,1.1999999999999942,6,631.199999999997
201,2021-08-09,TRADITIONAL BAGUETTE,450.0,1.1999999999999948,0,539.9999999999977
202,2021-08-10,TRADITIONAL BAGUETTE,377.0,1.1999999999999962,1,452.39999999999856
203,2021-08-11,TRADITIONAL BAGUETTE,449.0,1.1999999999999953,2,538.7999999999979
204,2021-08-12,TRADITIONAL BAGUETTE,464.0,1.1999999999999946,3,556.7999999999975
205,2021-08-13,TRADITIONAL BAGUETTE,368.0,1.199999999999996,4,441.5999999999985
206,2021-08-14,TRADITIONAL BAGUETTE,531.0,1.1999999999999942,5,637.1999999999969
207,2021-08-15,TRADITIONAL BAGUETTE,539.0,1.199999999999994,6,646.7999999999968
208,2021-08-16,TRADITIONAL BAGUETTE,482.0,1.1999999999999942,0,578.3999999999972
209,2021-08-17,TRADITIONAL BAGUETTE,340.0,1.1999999999999962,1,407.9999999999987
210,2021-08-18,TRADITIONAL BAGUETTE,436.0,1.1999999999999948,2,523.1999999999978
211,2021-08-19,TRADITIONAL BAGUETTE,389.0,1.199999999999995,3,466.7999999999981
212,2021-08-20,TRADITIONAL BAGUETTE,313.0,1.199999999999997,4,375.59999999999906
213,2021-08-21,TRADITIONAL BAGUETTE,416.0,1.1999999999999948,5,499.1999999999979
214,2021-08-22,TRADITIONAL BAGUETTE,478.0,1.1999999999999944,6,573.5999999999973
215,2021-08-23,TRADITIONAL BAGUETTE,297.0,1.1999999999999966,0,356.399999999999
216,2021-08-24,TRADITIONAL BAGUETTE,282.0,1.199999999999997,1,338.3999999999992
217,2021-08-25,TRADITIONAL BAGUETTE,295.0,1.1999999999999973,2,353.9999999999992
218,2021-08-26,TRADITIONAL BAGUETTE,322.0,1.1999999999999964,3,386.39999999999884
219,2021-08-27,TRADITIONAL BAGUETTE,253.0,1.1999999999999986,4,303.5999999999996
220,2021-08-28,TRADITIONAL BAGUETTE,290.0,1.199999999999997,5,347.99999999999915
221,2021-08-29,TRADITIONAL BAGUETTE,392.0,1.1999999999999955,6,470.3999999999982
222,2021-08-30,TRADITIONAL BAGUETTE,207.0,1.199999999999999,0,248.3999999999998
223,2021-08-31,TRADITIONAL BAGUETTE,151.0,1.200000000000002,1,181.2000000000003
224,2021-09-01,TRADITIONAL BAGUETTE,168.0,1.200000000000002,2,201.60000000000034
225,2021-09-02,TRADITIONAL BAGUETTE,155.0,1.200000000000002,3,186.0000000000003
226,2021-09-03,TRADITIONAL BAGUETTE,187.0,1.200000000000002,4,224.40000000000038
227,2021-09-04,TRADITIONAL BAGUETTE,264.0,1.1999999999999984,5,316.79999999999956
228,2021-09-05,TRADITIONAL BAGUETTE,251.0,1.1999999999999984,6,301.1999999999996
229,2021-09-06,TRADITIONAL BAGUETTE,159.0,1.200000000000002,0,190.80000000000032
230,2021-09-07,TRADITIONAL BAGUETTE,133.0,1.200000000000002,1,159.60000000000025
231,2021-09-08,TRADITIONAL BAGUETTE,163.0,1.200000000000002,2,195.6000000000003
232,2021-09-09,TRADITIONAL BAGUETTE,168.0,1.200000000000002,3,201.60000000000034
233,2021-09-10,TRADITIONAL BAGUETTE,133.0,1.2000000000000017,4,159.60000000000022
234,2021-09-11,TRADITIONAL BAGUETTE,222.0,1.2000000000000002,5,266.40000000000003
235,2021-09-12,TRADITIONAL BAGUETTE,278.0,1.1999999999999977,6,333.5999999999994
236,2021-09-13,TRADITIONAL BAGUETTE,164.0,1.200000000000002,0,196.80000000000032
237,2021-09-14,TRADITIONAL BAGUETTE,105.0,1.2000000000000017,1,126.00000000000018
238,2021-09-15,TRADITIONAL BAGUETTE,115.0,1.2000000000000017,2,138.0000000000002
239,2021-09-16,TRADITIONAL BAGUETTE,107.0,1.2000000000000015,3,128.40000000000015
240,2021-09-17,TRADITIONAL BAGUETTE,111.0,1.2000000000000015,4,133.20000000000016
241,2021-09-18,TRADITIONAL BAGUETTE,179.0,1.2000000000000017,5,214.80000000000032
242,2021-09-19,TRADITIONAL BAGUETTE,227.0,1.1999999999999986,6,272.3999999999997
243,2021-09-20,TRADITIONAL BAGUETTE,165.0,1.200000000000002,0,198.0000000000003
244,2021-09-21,TRADITIONAL BAGUETTE,135.0,1.2000000000000017,1,162.00000000000023
245,2021-09-22,TRADITIONAL BAGUETTE,32.0,1.1999999999999997,2,38.39999999999999
246,2021-09-23,TRADITIONAL BAGUETTE,113.0,1.2000000000000017,3,135.6000000000002
247,2021-09-24,TRADITIONAL BAGUETTE,109.0,1.2000000000000015,4,130.80000000000015
248,2021-09-25,TRADITIONAL BAGUETTE,197.0,1.2000000000000008,5,236.40000000000018
249,2021-09-26,TRADITIONAL BAGUETTE,212.0,1.1999999999999997,6,254.39999999999995
250,2021-09-27,TRADITIONAL BAGUETTE,113.0,1.2000000000000017,0,135.6000000000002
251,2021-09-28,TRADITIONAL BAGUETTE,93.0,1.2000000000000015,1,111.60000000000014
252,2021-09-29,TRADITIONAL BAGUETTE,108.0,1.2000000000000015,2,129.60000000000016
253,2021-09-30,TRADITIONAL BAGUETTE,99.0,1.2000000000000017,3,118.80000000000017
254,2021-10-01,TRADITIONAL BAGUETTE,112.0,1.2000000000000015,4,134.40000000000018
255,2021-10-02,TRADITIONAL BAGUETTE,138.0,1.200000000000002,5,165.60000000000028
256,2021-10-03,TRADITIONAL BAGUETTE,186.0,1.2000000000000006,6,223.2000000000001
257,2021-10-04,TRADITIONAL BAGUETTE,123.0,1.2000000000000017,0,147.60000000000022
258,2021-10-05,TRADITIONAL BAGUETTE,96.0,1.2000000000000015,1,115.20000000000014
259,2021-10-06,TRADITIONAL BAGUETTE,109.0,1.2000000000000017,2,130.80000000000018
260,2021-10-07,TRADITIONAL BAGUETTE,100.0,1.2000000000000015,3,120.00000000000016
261,2021-10-08,TRADITIONAL BAGUETTE,119.0,1.2000000000000015,4,142.80000000000018
262,2021-10-09,TRADITIONAL BAGUETTE,177.0,1.200000000000002,5,212.40000000000035
263,2021-10-10,TRADITIONAL BAGUETTE,240.0,1.1999999999999988,6,287.9999999999997
264,2021-10-11,TRADITIONAL BAGUETTE,110.0,1.2000000000000017,0,132.0000000000002
265,2021-10-12,TRADITIONAL BAGUETTE,72.0,1.200000000000001,1,86.40000000000008
266,2021-10-13,TRADITIONAL BAGUETTE,93.0,1.2000000000000015,2,111.60000000000014
267,2021-10-14,TRADITIONAL BAGUETTE,92.0,1.2000000000000015,3,110.40000000000013
268,2021-10-15,TRADITIONAL BAGUETTE,84.0,1.2000000000000013,4,100.80000000000011
269,2021-10-16,TRADITIONAL BAGUETTE,165.0,1.2000000000000017,5,198.00000000000028
270,2021-10-17,TRADITIONAL BAGUETTE,208.0,1.2000000000000004,6,249.60000000000008
271,2021-10-18,TRADITIONAL BAGUETTE,87.0,1.2000000000000013,0,104.4000000000001
272,2021-10-19,TRADITIONAL BAGUETTE,143.0,1.2000000000000017,1,171.60000000000025
273,2021-10-20,TRADITIONAL BAGUETTE,111.0,1.2000000000000017,2,133.2000000000002
274,2021-10-21,TRADITIONAL BAGUETTE,123.0,1.2000000000000017,3,147.60000000000022
275,2021-10-22,TRADITIONAL BAGUETTE,118.0,1.2000000000000017,4,141.6000000000002
276,2021-10-23,TRADITIONAL BAGUETTE,216.0,1.1999999999999997,5,259.19999999999993
277,2021-10-24,TRADITIONAL BAGUETTE,252.0,1.1999999999999986,6,302.39999999999964
278,2021-10-25,TRADITIONAL BAGUETTE,150.0,1.200000000000002,0,180.00000000000028
279,2021-10-26,TRADITIONAL BAGUETTE,182.0,1.2000000000000004,1,218.40000000000006
280,2021-10-27,TRADITIONAL BAGUETTE,185.0,1.2000000000000013,2,222.00000000000023
281,2021-10-28,TRADITIONAL BAGUETTE,191.0,1.2000000000000002,3,229.20000000000005
282,2021-10-29,TRADITIONAL BAGUETTE,171.0,1.200000000000002,4,205.20000000000033
283,2021-10-30,TRADITIONAL BAGUETTE,257.0,1.1999999999999982,5,308.3999999999995
284,2021-10-31,TRADITIONAL BAGUETTE,369.0,1.1999999999999977,6,442.79999999999916
285,2021-11-01,TRADITIONAL BAGUETTE,359.0,1.1999999999999962,0,430.79999999999865
286,2021-11-02,TRADITIONAL BAGUETTE,184.0,1.2000000000000006,1,220.80000000000013
287,2021-11-03,TRADITIONAL BAGUETTE,177.0,1.200000000000002,2,212.40000000000035
288,2021-11-04,TRADITIONAL BAGUETTE,159.0,1.2000000000000013,3,190.8000000000002
289,2021-11-05,TRADITIONAL BAGUETTE,159.0,1.200000000000002,4,190.80000000000032
290,2021-11-06,TRADITIONAL BAGUETTE,196.0,1.2000000000000006,5,235.20000000000013
291,2021-11-07,TRADITIONAL BAGUETTE,174.0,1.200000000000002,6,208.80000000000035
292,2021-11-08,TRADITIONAL BAGUETTE,85.0,1.2000000000000013,0,102.00000000000011
293,2021-11-09,TRADITIONAL BAGUETTE,92.0,1.2000000000000013,1,110.40000000000012
294,2021-11-10,TRADITIONAL BAGUETTE,96.0,1.2000000000000015,2,115.20000000000014
295,2021-11-11,TRADITIONAL BAGUETTE,175.0,1.200000000000002,3,210.00000000000034
296,2021-11-12,TRADITIONAL BAGUETTE,105.0,1.2000000000000015,4,126.00000000000016
297,2021-11-13,TRADITIONAL BAGUETTE,141.0,1.2000000000000017,5,169.20000000000024
298,2021-11-14,TRADITIONAL BAGUETTE,175.0,1.200000000000002,6,210.00000000000034
299,2021-11-15,TRADITIONAL BAGUETTE,89.0,1.2000000000000015,0,106.80000000000014
300,2021-11-16,TRADITIONAL BAGUETTE,70.0,1.2000000000000013,1,84.00000000000009
301,2021-11-18,TRADITIONAL BAGUETTE,84.0,1.2000000000000013,3,100.80000000000011
302,2021-11-19,TRADITIONAL BAGUETTE,98.0,1.2000000000000015,4,117.60000000000015
303,2021-11-20,TRADITIONAL BAGUETTE,112.0,1.2000000000000017,5,134.4000000000002
304,2021-11-21,TRADITIONAL BAGUETTE,171.0,1.200000000000002,6,205.20000000000033
305,2021-11-22,TRADITIONAL BAGUETTE,81.0,1.2000000000000015,0,97.20000000000012
306,2021-11-23,TRADITIONAL BAGUETTE,68.0,1.200000000000001,1,81.60000000000008
307,2021-11-25,TRADITIONAL BAGUETTE,85.0,1.200000000000001,3,102.00000000000009
308,2021-11-26,TRADITIONAL BAGUETTE,90.0,1.2000000000000013,4,108.00000000000011
309,2021-11-27,TRADITIONAL BAGUETTE,118.0,1.2000000000000017,5,141.6000000000002
310,2021-11-28,TRADITIONAL BAGUETTE,143.0,1.200000000000002,6,171.60000000000028
311,2021-11-29,TRADITIONAL BAGUETTE,84.0,1.2000000000000013,0,100.80000000000011
312,2021-11-30,TRADITIONAL BAGUETTE,94.0,1.2000000000000013,1,112.80000000000013
313,2021-12-02,TRADITIONAL BAGUETTE,68.0,1.2000000000000008,3,81.60000000000005
314,2021-12-03,TRADITIONAL BAGUETTE,60.0,1.200000000000001,4,72.00000000000006
315,2021-12-04,TRADITIONAL BAGUETTE,107.0,1.2000000000000015,5,128.40000000000015
316,2021-12-05,TRADITIONAL BAGUETTE,148.0,1.200000000000002,6,177.60000000000028
317,2021-12-09,TRADITIONAL BAGUETTE,54.0,1.2000000000000006,3,64.80000000000004
318,2021-12-10,TRADITIONAL BAGUETTE,76.0,1.200000000000001,4,91.20000000000007
319,2021-12-11,TRADITIONAL BAGUETTE,111.0,1.2000000000000015,5,133.20000000000016
320,2021-12-12,TRADITIONAL BAGUETTE,139.0,1.200000000000002,6,166.80000000000027
321,2021-12-13,TRADITIONAL BAGUETTE,82.0,1.2000000000000013,0,98.4000000000001
322,2021-12-14,TRADITIONAL BAGUETTE,78.0,1.2000000000000013,1,93.6000000000001
323,2021-12-16,TRADITIONAL BAGUETTE,81.0,1.2000000000000013,3,97.2000000000001
324,2021-12-17,TRADITIONAL BAGUETTE,95.0,1.2000000000000013,4,114.00000000000013
325,2021-12-18,TRADITIONAL BAGUETTE,127.0,1.2000000000000017,5,152.40000000000023
326,2021-12-19,TRADITIONAL BAGUETTE,186.0,1.2000000000000008,6,223.20000000000016
327,2021-12-20,TRADITIONAL BAGUETTE,111.0,1.2000000000000017,0,133.2000000000002
328,2021-12-21,TRADITIONAL BAGUETTE,116.0,1.2000000000000017,1,139.2000000000002
329,2021-12-22,TRADITIONAL BAGUETTE,121.0,1.2000000000000015,2,145.2000000000002
330,2021-12-23,TRADITIONAL BAGUETTE,139.0,1.2000000000000017,3,166.80000000000024
331,2021-12-24,TRADITIONAL BAGUETTE,333.0,1.1999999999999984,4,399.59999999999945
332,2021-12-25,TRADITIONAL BAGUETTE,225.0,1.2000000000000017,5,270.0000000000004
333,2021-12-26,TRADITIONAL BAGUETTE,245.0,1.2000000000000006,6,294.00000000000017
334,2021-12-27,TRADITIONAL BAGUETTE,201.0,1.200000000000002,0,241.2000000000004
335,2021-12-28,TRADITIONAL BAGUETTE,159.0,1.200000000000002,1,190.80000000000032
336,2021-12-29,TRADITIONAL BAGUETTE,145.0,1.2000000000000017,2,174.00000000000026
337,2021-12-30,TRADITIONAL BAGUETTE,179.0,1.200000000000002,3,214.80000000000035
338,2021-12-31,TRADITIONAL BAGUETTE,251.0,1.2000000000000006,4,301.20000000000016
339,2022-01-02,TRADITIONAL BAGUETTE,274.0,1.1999999999999966,6,328.7999999999991
340,2022-01-03,TRADITIONAL BAGUETTE,127.0,1.200000000000002,0,152.40000000000026
341,2022-01-04,TRADITIONAL BAGUETTE,27.0,1.1999999999999997,1,32.39999999999999
342,2022-01-06,TRADITIONAL BAGUETTE,78.0,1.2000000000000013,3,93.6000000000001
343,2022-01-07,TRADITIONAL BAGUETTE,88.0,1.2000000000000013,4,105.60000000000011
344,2022-01-08,TRADITIONAL BAGUETTE,84.0,1.2000000000000013,5,100.80000000000011
345,2022-01-09,TRADITIONAL BAGUETTE,170.0,1.200000000000002,6,204.00000000000034
346,2022-01-10,TRADITIONAL BAGUETTE,86.0,1.2000000000000013,0,103.20000000000012
347,2022-01-11,TRADITIONAL BAGUETTE,72.0,1.2000000000000013,1,86.40000000000009
348,2022-01-13,TRADITIONAL BAGUETTE,68.0,1.200000000000001,3,81.60000000000008
349,2022-01-14,TRADITIONAL BAGUETTE,85.0,1.2000000000000013,4,102.00000000000011
350,2022-01-15,TRADITIONAL BAGUETTE,103.0,1.2000000000000013,5,123.60000000000014
351,2022-01-16,TRADITIONAL BAGUETTE,132.0,1.2000000000000017,6,158.40000000000023
352,2022-01-17,TRADITIONAL BAGUETTE,93.0,1.2000000000000015,0,111.60000000000014
353,2022-01-18,TRADITIONAL BAGUETTE,74.0,1.200000000000001,1,88.80000000000008
354,2022-01-20,TRADITIONAL BAGUETTE,82.0,1.200000000000001,3,98.40000000000009
355,2022-01-21,TRADITIONAL BAGUETTE,80.0,1.2000000000000013,4,96.0000000000001
356,2022-01-22,TRADITIONAL BAGUETTE,128.0,1.2000000000000017,5,153.60000000000022
357,2022-01-23,TRADITIONAL BAGUETTE,132.0,1.2000000000000017,6,158.40000000000023
358,2022-01-24,TRADITIONAL BAGUETTE,85.0,1.2000000000000015,0,102.00000000000013
359,2022-01-25,TRADITIONAL BAGUETTE,81.0,1.2000000000000013,1,97.2000000000001
360,2022-01-27,TRADITIONAL BAGUETTE,101.0,1.2000000000000015,3,121.20000000000016
361,2022-01-28,TRADITIONAL BAGUETTE,62.0,1.2000000000000008,4,74.40000000000005
362,2022-01-29,TRADITIONAL BAGUETTE,94.0,1.2000000000000015,5,112.80000000000014
363,2022-01-30,TRADITIONAL BAGUETTE,150.0,1.2000000000000017,6,180.00000000000026
364,2022-01-31,TRADITIONAL BAGUETTE,84.0,1.2000000000000013,0,100.80000000000011
365,2022-02-01,TRADITIONAL BAGUETTE,96.0,1.2000000000000013,1,115.20000000000013
366,2022-02-03,TRADITIONAL BAGUETTE,81.0,1.2000000000000015,3,97.20000000000012
367,2022-02-04,TRADITIONAL BAGUETTE,79.0,1.2000000000000013,4,94.8000000000001
368,2022-02-05,TRADITIONAL BAGUETTE,101.0,1.2000000000000015,5,121.20000000000016
369,2022-02-06,TRADITIONAL BAGUETTE,162.0,1.200000000000002,6,194.40000000000032
370,2022-02-07,TRADITIONAL BAGUETTE,101.0,1.25,0,126.25
371,2022-02-08,TRADITIONAL BAGUETTE,85.0,1.25,1,106.25
372,2022-02-10,TRADITIONAL BAGUETTE,95.0,1.25,3,118.75
373,2022-02-11,TRADITIONAL BAGUETTE,85.0,1.25,4,106.25
374,2022-02-12,TRADITIONAL BAGUETTE,156.0,1.25,5,195.0
375,2022-02-13,TRADITIONAL BAGUETTE,193.0,1.25,6,241.25
376,2022-02-14,TRADITIONAL BAGUETTE,126.0,1.25,0,157.5
377,2022-02-15,TRADITIONAL BAGUETTE,142.0,1.25,1,177.5
378,2022-02-17,TRADITIONAL BAGUETTE,156.0,1.25,3,195.0
379,2022-02-18,TRADITIONAL BAGUETTE,153.0,1.25,4,191.25
380,2022-02-19,TRADITIONAL BAGUETTE,178.0,1.25,5,222.5
381,2022-02-20,TRADITIONAL BAGUETTE,278.0,1.25,6,347.5
382,2022-02-21,TRADITIONAL BAGUETTE,112.0,1.25,0,140.0
383,2022-02-22,TRADITIONAL BAGUETTE,132.0,1.25,1,165.0
384,2022-02-24,TRADITIONAL BAGUETTE,154.0,1.25,3,192.5
385,2022-02-25,TRADITIONAL BAGUETTE,143.0,1.25,4,178.75
386,2022-02-26,TRADITIONAL BAGUETTE,202.0,1.25,5,252.5
387,2022-02-27,TRADITIONAL BAGUETTE,274.0,1.25,6,342.5
388,2022-02-28,TRADITIONAL BAGUETTE,154.0,1.25,0,192.5
389,2022-03-01,TRADITIONAL BAGUETTE,148.0,1.25,1,185.0
390,2022-03-02,TRADITIONAL BAGUETTE,119.0,1.25,2,148.75
391,2022-03-03,TRADITIONAL BAGUETTE,122.0,1.25,3,152.5
392,2022-03-04,TRADITIONAL BAGUETTE,141.0,1.25,4,176.25
393,2022-03-05,TRADITIONAL BAGUETTE,199.0,1.25,5,248.75
394,2022-03-06,TRADITIONAL BAGUETTE,251.0,1.25,6,313.75
395,2022-03-07,TRADITIONAL BAGUETTE,141.0,1.25,0,176.25
396,2022-03-08,TRADITIONAL BAGUETTE,72.0,1.25,1,90.0
397,2022-03-09,TRADITIONAL BAGUETTE,56.0,1.25,2,70.0
398,2022-03-10,TRADITIONAL BAGUETTE,66.0,1.25,3,82.5
399,2022-03-11,TRADITIONAL BAGUETTE,77.0,1.25,4,96.25
400,2022-03-12,TRADITIONAL BAGUETTE,96.0,1.25,5,120.0
401,2022-03-13,TRADITIONAL BAGUETTE,180.0,1.25,6,225.0
402,2022-03-14,TRADITIONAL BAGUETTE,87.0,1.25,0,108.75
403,2022-03-15,TRADITIONAL BAGUETTE,74.0,1.25,1,92.5
404,2022-03-16,TRADITIONAL BAGUETTE,50.0,1.25,2,62.5
405,2022-03-17,TRADITIONAL BAGUETTE,66.0,1.25,3,82.5
406,2022-03-18,TRADITIONAL BAGUETTE,77.0,1.25,4,96.25
407,2022-03-19,TRADITIONAL BAGUETTE,130.0,1.25,5,162.5
408,2022-03-20,TRADITIONAL BAGUETTE,222.0,1.25,6,277.5
409,2022-03-21,TRADITIONAL BAGUETTE,94.0,1.25,0,117.5
410,2022-03-22,TRADITIONAL BAGUETTE,86.0,1.25,1,107.5
411,2022-03-23,TRADITIONAL BAGUETTE,76.0,1.25,2,95.0
412,2022-03-24,TRADITIONAL BAGUETTE,72.0,1.25,3,90.0
413,2022-03-25,TRADITIONAL BAGUETTE,82.0,1.25,4,102.5
414,2022-03-26,TRADITIONAL BAGUETTE,166.0,1.25,5,207.5
415,2022-03-27,TRADITIONAL BAGUETTE,166.0,1.25,6,207.5
416,2022-03-28,TRADITIONAL BAGUETTE,113.0,1.25,0,141.25
417,2022-03-29,TRADITIONAL BAGUETTE,100.0,1.25,1,125.0
418,2022-03-30,TRADITIONAL BAGUETTE,68.0,1.25,2,85.0
419,2022-03-31,TRADITIONAL BAGUETTE,82.0,1.25,3,102.5
420,2022-04-01,TRADITIONAL BAGUETTE,79.0,1.25,4,98.75
421,2022-04-02,TRADITIONAL BAGUETTE,107.0,1.25,5,133.75
422,2022-04-03,TRADITIONAL BAGUETTE,189.0,1.25,6,236.25
423,2022-04-04,TRADITIONAL BAGUETTE,93.0,1.25,0,116.25
424,2022-04-05,TRADITIONAL BAGUETTE,82.0,1.25,1,102.5
425,2022-04-06,TRADITIONAL BAGUETTE,70.0,1.25,2,87.5
426,2022-04-07,TRADITIONAL BAGUETTE,87.0,1.25,3,108.75
427,2022-04-08,TRADITIONAL BAGUETTE,63.0,1.25,4,78.75
428,2022-04-09,TRADITIONAL BAGUETTE,119.0,1.25,5,148.75
429,2022-04-10,TRADITIONAL BAGUETTE,181.0,1.25,6,226.25
430,2022-04-11,TRADITIONAL BAGUETTE,137.0,1.25,0,171.25
431,2022-04-12,TRADITIONAL BAGUETTE,107.0,1.25,1,133.75
432,2022-04-13,TRADITIONAL BAGUETTE,100.0,1.25,2,125.0
433,2022-04-14,TRADITIONAL BAGUETTE,103.0,1.25,3,128.75
434,2022-04-15,TRADITIONAL BAGUETTE,136.0,1.25,4,170.0
435,2022-04-16,TRADITIONAL BAGUETTE,307.0,1.25,5,383.75
436,2022-04-17,TRADITIONAL BAGUETTE,279.0,1.25,6,348.75
437,2022-04-18,TRADITIONAL BAGUETTE,376.0,1.25,0,470.0
438,2022-04-19,TRADITIONAL BAGUETTE,138.0,1.25,1,172.5
439,2022-04-20,TRADITIONAL BAGUETTE,162.0,1.25,2,202.5
440,2022-04-21,TRADITIONAL BAGUETTE,234.0,1.25,3,292.5
441,2022-04-22,TRADITIONAL BAGUETTE,155.0,1.25,4,193.75
442,2022-04-23,TRADITIONAL BAGUETTE,135.0,1.25,5,168.75
443,2022-04-24,TRADITIONAL BAGUETTE,204.0,1.25,6,255.0
444,2022-04-25,TRADITIONAL BAGUETTE,162.0,1.25,0,202.5
445,2022-04-26,TRADITIONAL BAGUETTE,109.0,1.25,1,136.25
446,2022-04-27,TRADITIONAL BAGUETTE,136.0,1.25,2,170.0
447,2022-04-28,TRADITIONAL BAGUETTE,126.0,1.25,3,157.5
448,2022-04-29,TRADITIONAL BAGUETTE,116.0,1.25,4,145.0
449,2022-04-30,TRADITIONAL BAGUETTE,276.0,1.25,5,345.0
450,2022-05-01,TRADITIONAL BAGUETTE,311.0,1.25,6,388.75
451,2022-05-02,TRADITIONAL BAGUETTE,212.0,1.25,0,265.0
452,2022-05-03,TRADITIONAL BAGUETTE,158.0,1.25,1,197.5
453,2022-05-05,TRADITIONAL BAGUETTE,152.0,1.25,3,190.0
454,2022-05-06,TRADITIONAL BAGUETTE,137.0,1.25,4,171.25
455,2022-05-07,TRADITIONAL BAGUETTE,191.0,1.25,5,238.75
456,2022-05-08,TRADITIONAL BAGUETTE,251.0,1.25,6,313.75
457,2022-05-09,TRADITIONAL BAGUETTE,157.0,1.25,0,196.25
458,2022-05-10,TRADITIONAL BAGUETTE,121.0,1.25,1,151.25
459,2022-05-11,TRADITIONAL BAGUETTE,96.0,1.25,2,120.0
460,2022-05-12,TRADITIONAL BAGUETTE,91.0,1.25,3,113.75
461,2022-05-13,TRADITIONAL BAGUETTE,90.0,1.25,4,112.5
462,2022-05-14,TRADITIONAL BAGUETTE,175.0,1.25,5,218.75
463,2022-05-15,TRADITIONAL BAGUETTE,264.0,1.25,6,330.0
464,2022-05-16,TRADITIONAL BAGUETTE,134.0,1.25,0,167.5
465,2022-05-17,TRADITIONAL BAGUETTE,102.0,1.25,1,127.5
466,2022-05-18,TRADITIONAL BAGUETTE,85.0,1.25,2,106.25
467,2022-05-19,TRADITIONAL BAGUETTE,97.0,1.25,3,121.25
468,2022-05-20,TRADITIONAL BAGUETTE,121.0,1.25,4,151.25
469,2022-05-21,TRADITIONAL BAGUETTE,155.0,1.25,5,193.75
470,2022-05-22,TRADITIONAL BAGUETTE,222.0,1.25,6,277.5
471,2022-05-23,TRADITIONAL BAGUETTE,115.0,1.25,0,143.75
472,2022-05-24,TRADITIONAL BAGUETTE,130.0,1.25,1,162.5
473,2022-05-25,TRADITIONAL BAGUETTE,197.0,1.25,2,246.25
474,2022-05-26,TRADITIONAL BAGUETTE,393.0,1.25,3,491.25
475,2022-05-27,TRADITIONAL BAGUETTE,340.0,1.25,4,425.0
476,2022-05-28,TRADITIONAL BAGUETTE,445.0,1.25,5,556.25
477,2022-05-29,TRADITIONAL BAGUETTE,475.0,1.25,6,593.75
478,2022-05-30,TRADITIONAL BAGUETTE,159.0,1.25,0,198.75
479,2022-05-31,TRADITIONAL BAGUETTE,113.0,1.25,1,141.25
480,2022-06-01,TRADITIONAL BAGUETTE,119.0,1.25,2,148.75
481,2022-06-02,TRADITIONAL BAGUETTE,113.0,1.25,3,141.25
482,2022-06-03,TRADITIONAL BAGUETTE,142.0,1.25,4,177.5
483,2022-06-04,TRADITIONAL BAGUETTE,195.0,1.25,5,243.75
484,2022-06-05,TRADITIONAL BAGUETTE,372.0,1.25,6,465.0
485,2022-06-06,TRADITIONAL BAGUETTE,335.0,1.25,0,418.75
486,2022-06-07,TRADITIONAL BAGUETTE,110.0,1.25,1,137.5
487,2022-06-08,TRADITIONAL BAGUETTE,93.0,1.25,2,116.25
488,2022-06-09,TRADITIONAL BAGUETTE,126.0,1.25,3,157.5
489,2022-06-10,TRADITIONAL BAGUETTE,117.0,1.25,4,146.25
490,2022-06-11,TRADITIONAL BAGUETTE,218.0,1.25,5,272.5
491,2022-06-12,TRADITIONAL BAGUETTE,244.0,1.25,6,305.0
492,2022-06-13,TRADITIONAL BAGUETTE,119.0,1.25,0,148.75
493,2022-06-14,TRADITIONAL BAGUETTE,130.0,1.25,1,162.5
494,2022-06-15,TRADITIONAL BAGUETTE,136.0,1.25,2,170.0
495,2022-06-16,TRADITIONAL BAGUETTE,115.0,1.25,3,143.75
496,2022-06-17,TRADITIONAL BAGUETTE,120.0,1.25,4,150.0
497,2022-06-18,TRADITIONAL BAGUETTE,221.0,1.25,5,276.25
498,2022-06-19,TRADITIONAL BAGUETTE,282.0,1.25,6,352.5
499,2022-06-20,TRADITIONAL BAGUETTE,129.0,1.25,0,161.25
500,2022-06-21,TRADITIONAL BAGUETTE,123.0,1.25,1,153.75
501,2022-06-22,TRADITIONAL BAGUETTE,96.0,1.25,2,120.0
502,2022-06-23,TRADITIONAL BAGUETTE,130.0,1.25,3,162.5
503,2022-06-24,TRADITIONAL BAGUETTE,145.0,1.25,4,181.25
504,2022-06-25,TRADITIONAL BAGUETTE,228.0,1.25,5,285.0
505,2022-06-26,TRADITIONAL BAGUETTE,267.0,1.25,6,333.75
506,2022-06-27,TRADITIONAL BAGUETTE,174.0,1.25,0,217.5
507,2022-06-28,TRADITIONAL BAGUETTE,130.0,1.260227272727272,1,163.82954545454538
508,2022-06-29,TRADITIONAL BAGUETTE,137.0,1.299999999999998,2,178.09999999999974
509,2022-06-30,TRADITIONAL BAGUETTE,148.0,1.299999999999998,3,192.39999999999972
510,2022-07-01,TRADITIONAL BAGUETTE,132.0,1.299999999999998,4,171.59999999999974
511,2022-07-02,TRADITIONAL BAGUETTE,203.0,1.3000000000000014,5,263.90000000000026
512,2022-07-03,TRADITIONAL BAGUETTE,311.0,1.3000000000000045,6,404.3000000000014
513,2022-07-04,TRADITIONAL BAGUETTE,186.0,1.3000000000000012,0,241.8000000000002
514,2022-07-05,TRADITIONAL BAGUETTE,175.0,1.3000000000000003,1,227.50000000000006
515,2022-07-06,TRADITIONAL BAGUETTE,189.0,1.3000000000000007,2,245.70000000000013
516,2022-07-07,TRADITIONAL BAGUETTE,219.0,1.3000000000000014,3,284.70000000000033
517,2022-07-08,TRADITIONAL BAGUETTE,200.0,1.3000000000000012,4,260.0000000000002
518,2022-07-09,TRADITIONAL BAGUETTE,345.0,1.3000000000000043,5,448.5000000000015
519,2022-07-10,TRADITIONAL BAGUETTE,398.0,1.3000000000000054,6,517.4000000000021
520,2022-07-11,TRADITIONAL BAGUETTE,275.0,1.3000000000000032,0,357.50000000000085
521,2022-07-12,TRADITIONAL BAGUETTE,244.0,1.300000000000002,1,317.2000000000005
522,2022-07-13,TRADITIONAL BAGUETTE,272.0,1.300000000000003,2,353.6000000000008
523,2022-07-14,TRADITIONAL BAGUETTE,464.0,1.3000000000000058,3,603.2000000000027
524,2022-07-15,TRADITIONAL BAGUETTE,401.0,1.3000000000000047,4,521.3000000000019
525,2022-07-16,TRADITIONAL BAGUETTE,511.0,1.3000000000000058,5,664.300000000003
526,2022-07-17,TRADITIONAL BAGUETTE,573.0,1.300000000000007,6,744.900000000004
527,2022-07-18,TRADITIONAL BAGUETTE,373.0,1.3000000000000054,0,484.900000000002
528,2022-07-19,TRADITIONAL BAGUETTE,293.0,1.3000000000000036,1,380.90000000000106
529,2022-07-20,TRADITIONAL BAGUETTE,256.0,1.3000000000000025,2,332.80000000000064
530,2022-07-21,TRADITIONAL BAGUETTE,308.0,1.300000000000004,3,400.4000000000012
531,2022-07-22,TRADITIONAL BAGUETTE,288.0,1.3000000000000032,4,374.4000000000009
532,2022-07-23,TRADITIONAL BAGUETTE,383.0,1.3000000000000052,5,497.90000000000197
533,2022-07-24,TRADITIONAL BAGUETTE,478.0,1.3000000000000058,6,621.4000000000028
534,2022-07-25,TRADITIONAL BAGUETTE,390.0,1.3000000000000056,0,507.00000000000216
535,2022-07-26,TRADITIONAL BAGUETTE,321.0,1.3000000000000038,1,417.3000000000012
536,2022-07-27,TRADITIONAL BAGUETTE,272.0,1.3000000000000034,2,353.60000000000093
537,2022-07-28,TRADITIONAL BAGUETTE,314.0,1.3000000000000043,3,408.20000000000135
538,2022-07-29,TRADITIONAL BAGUETTE,290.0,1.3000000000000036,4,377.000000000001
539,2022-07-30,TRADITIONAL BAGUETTE,410.0,1.3000000000000056,5,533.0000000000023
540,2022-07-31,TRADITIONAL BAGUETTE,544.0,1.3000000000000067,6,707.2000000000037
541,2022-08-01,TRADITIONAL BAGUETTE,421.0,1.3000000000000056,0,547.3000000000023
542,2022-08-02,TRADITIONAL BAGUETTE,346.0,1.300000000000004,1,449.8000000000014
543,2022-08-03,TRADITIONAL BAGUETTE,401.0,1.3000000000000052,2,521.3000000000021
544,2022-08-04,TRADITIONAL BAGUETTE,383.0,1.3000000000000054,3,497.9000000000021
545,2022-08-05,TRADITIONAL BAGUETTE,355.0,1.3000000000000045,4,461.5000000000016
546,2022-08-06,TRADITIONAL BAGUETTE,461.0,1.3000000000000056,5,599.3000000000026
547,2022-08-07,TRADITIONAL BAGUETTE,613.0,1.300000000000007,6,796.9000000000043
548,2022-08-08,TRADITIONAL BAGUETTE,551.0,1.300000000000007,0,716.3000000000038
549,2022-08-09,TRADITIONAL BAGUETTE,457.0,1.3000000000000058,1,594.1000000000026
550,2022-08-10,TRADITIONAL BAGUETTE,478.0,1.3000000000000058,2,621.4000000000028
551,2022-08-11,TRADITIONAL BAGUETTE,462.0,1.3000000000000056,3,600.6000000000026
552,2022-08-12,TRADITIONAL BAGUETTE,465.0,1.300000000000006,4,604.5000000000028
553,2022-08-13,TRADITIONAL BAGUETTE,541.0,1.3000000000000067,5,703.3000000000036
554,2022-08-14,TRADITIONAL BAGUETTE,707.0,1.3000000000000074,6,919.1000000000053
555,2022-08-15,TRADITIONAL BAGUETTE,585.0,1.300000000000007,0,760.5000000000041
556,2022-08-16,TRADITIONAL BAGUETTE,417.0,1.3000000000000054,1,542.1000000000023
557,2022-08-17,TRADITIONAL BAGUETTE,414.0,1.3000000000000056,2,538.2000000000023
558,2022-08-18,TRADITIONAL BAGUETTE,498.0,1.3000000000000063,3,647.4000000000032
559,2022-08-19,TRADITIONAL BAGUETTE,375.0,1.3000000000000052,4,487.50000000000193
560,2022-08-20,TRADITIONAL BAGUETTE,452.0,1.3000000000000058,5,587.6000000000026
561,2022-08-21,TRADITIONAL BAGUETTE,574.0,1.300000000000007,6,746.200000000004
562,2022-08-22,TRADITIONAL BAGUETTE,369.0,1.3000000000000052,0,479.7000000000019
563,2022-08-23,TRADITIONAL BAGUETTE,280.0,1.3000000000000034,1,364.00000000000097
564,2022-08-24,TRADITIONAL BAGUETTE,311.0,1.3000000000000043,2,404.3000000000013
565,2022-08-25,TRADITIONAL BAGUETTE,273.0,1.3000000000000036,3,354.900000000001
566,2022-08-26,TRADITIONAL BAGUETTE,221.0,1.3000000000000018,4,287.3000000000004
567,2022-08-27,TRADITIONAL BAGUETTE,289.0,1.3000000000000032,5,375.7000000000009
568,2022-08-28,TRADITIONAL BAGUETTE,367.0,1.3000000000000054,6,477.10000000000196
569,2022-08-29,TRADITIONAL BAGUETTE,195.0,1.3000000000000014,0,253.50000000000026
570,2022-08-30,TRADITIONAL BAGUETTE,183.0,1.2999999999999996,1,237.89999999999992
571,2022-08-31,TRADITIONAL BAGUETTE,155.0,1.299999999999998,2,201.4999999999997
572,2022-09-02,TRADITIONAL BAGUETTE,129.0,1.2999999999999983,4,167.6999999999998
573,2022-09-03,TRADITIONAL BAGUETTE,214.0,1.3000000000000003,5,278.20000000000005
574,2022-09-04,TRADITIONAL BAGUETTE,258.0,1.3000000000000032,6,335.40000000000083
575,2022-09-05,TRADITIONAL BAGUETTE,157.0,1.2999999999999998,0,204.09999999999997
576,2022-09-06,TRADITIONAL BAGUETTE,105.0,1.2999999999999983,1,136.49999999999983
577,2022-09-07,TRADITIONAL BAGUETTE,123.0,1.299999999999998,2,159.89999999999975
578,2022-09-08,TRADITIONAL BAGUETTE,115.0,1.2999999999999983,3,149.4999999999998
579,2022-09-09,TRADITIONAL BAGUETTE,134.0,1.2999999999999983,4,174.19999999999976
580,2022-09-10,TRADITIONAL BAGUETTE,181.0,1.2999999999999985,5,235.29999999999973
581,2022-09-11,TRADITIONAL BAGUETTE,292.0,1.3000000000000036,6,379.60000000000105
582,2022-09-12,TRADITIONAL BAGUETTE,160.0,1.2999999999999987,0,207.9999999999998
583,2022-09-13,TRADITIONAL BAGUETTE,106.0,1.2999999999999983,1,137.7999999999998
584,2022-09-14,TRADITIONAL BAGUETTE,119.0,1.2999999999999983,2,154.6999999999998
585,2022-09-15,TRADITIONAL BAGUETTE,122.0,1.2999999999999983,3,158.5999999999998
586,2022-09-16,TRADITIONAL BAGUETTE,131.0,1.299999999999998,4,170.29999999999976
587,2022-09-17,TRADITIONAL BAGUETTE,191.0,1.2999999999999992,5,248.29999999999984
588,2022-09-18,TRADITIONAL BAGUETTE,246.0,1.3000000000000025,6,319.80000000000064
589,2022-09-20,TRADITIONAL BAGUETTE,124.0,1.299999999999998,1,161.19999999999976
590,2022-09-21,TRADITIONAL BAGUETTE,108.0,1.2999999999999985,2,140.39999999999984
591,2022-09-22,TRADITIONAL BAGUETTE,101.0,1.2999999999999985,3,131.29999999999984
592,2022-09-23,TRADITIONAL BAGUETTE,120.0,1.2999999999999983,4,155.9999999999998
593,2022-09-24,TRADITIONAL BAGUETTE,198.0,1.3000000000000005,5,257.4000000000001
594,2022-09-25,TRADITIONAL BAGUETTE,265.0,1.3000000000000025,6,344.5000000000007
595,2022-09-26,TRADITIONAL BAGUETTE,160.0,1.2999999999999983,0,207.99999999999972
596,2022-09-27,TRADITIONAL BAGUETTE,136.0,1.299999999999998,1,176.79999999999973
597,2022-09-28,TRADITIONAL BAGUETTE,115.0,1.2999999999999983,2,149.4999999999998
598,2022-09-29,TRADITIONAL BAGUETTE,148.0,1.299999999999998,3,192.39999999999972
599,2022-09-30,TRADITIONAL BAGUETTE,141.0,1.2999999999999983,4,183.29999999999976
